GEOID,off_sale,on_sale,other,total_licenses
06037005907,0,0,1,1
06037007202,1,0,0,1
06037007402,1,1,0,2
06037101122,1,0,1,2
06037101220,1,1,1,3
06037101221,1,0,2,3
06037101222,2,0,1,3
06037101300,5,0,0,5
06037101400,3,3,2,8
06037102105,0,1,0,1
06037102107,3,0,1,4
06037103102,6,6,2,14
06037103201,4,1,0,5
06037103202,1,1,0,2
06037103300,2,1,1,4
06037103401,1,0,0,1
06037103402,3,0,0,3
06037104108,3,0,0,3
06037104124,2,2,0,4
06037104201,2,0,0,2
06037104203,1,0,0,1
06037104204,1,0,0,1
06037104310,2,0,0,2
06037104321,3,2,1,6
06037104322,1,1,0,2
06037104403,3,1,0,4
06037104404,3,4,0,7
06037104500,3,1,0,4
06037104610,1,2,0,3
06037104620,1,0,0,1
06037104701,1,2,0,3
06037104703,0,2,4,6
06037104704,3,1,5,9
06037104821,1,0,0,1
06037104822,4,2,1,7
06037104824,2,0,0,2
06037106111,0,1,0,1
06037106112,2,0,5,7
06037106113,1,2,1,4
06037106114,5,3,0,8
06037106403,4,3,4,11
06037106405,1,0,0,1
06037106406,3,0,0,3
06037106407,3,0,0,3
06037106408,1,0,0,1
06037106510,1,1,0,2
06037106520,1,0,2,3
06037106603,0,0,4,4
06037106604,5,2,0,7
06037106642,2,0,0,2
06037106645,0,2,0,2
06037106646,3,2,0,5
06037106648,3,1,1,5
06037107010,3,4,2,9
06037107020,1,0,0,1
06037108102,2,2,1,5
06037108202,1,11,4,16
06037108203,0,0,3,3
06037108204,4,7,1,12
06037109100,3,2,0,5
06037109200,2,0,0,2
06037109300,2,1,0,3
06037109500,6,0,0,6
06037109601,2,0,0,2
06037109603,3,2,0,5
06037109604,9,8,0,17
06037109700,2,1,0,3
06037109800,2,0,0,2
06037110113,0,0,4,4
06037111100,2,2,0,4
06037111201,7,1,0,8
06037111202,3,7,1,11
06037111205,2,4,0,6
06037111206,5,9,0,14
06037111302,3,4,0,7
06037111303,2,3,1,6
06037111304,2,0,0,2
06037111400,1,0,0,1
06037111401,2,2,1,5
06037111402,2,2,0,4
06037113101,0,2,0,2
06037113102,5,1,1,7
06037113212,4,6,2,12
06037113213,4,2,1,7
06037113231,1,2,0,3
06037113232,1,5,4,10
06037113233,0,0,1,1
06037113234,4,2,0,6
06037113237,4,5,8,17
06037113238,1,1,0,2
06037113239,2,0,0,2
06037113301,6,27,2,35
06037113303,4,5,7,16
06037113322,1,2,0,3
06037113323,1,4,2,7
06037113324,1,0,0,1
06037113401,0,1,3,4
06037113421,0,0,1,1
06037113423,1,1,0,2
06037113424,6,5,1,12
06037113425,2,2,3,7
06037113426,2,3,0,5
06037113428,3,0,0,3
06037115101,4,0,0,4
06037115103,0,4,2,6
06037115104,1,0,0,1
06037115202,7,18,0,25
06037115203,0,2,0,2
06037115204,2,8,2,12
06037115301,2,3,0,5
06037115302,3,3,0,6
06037115401,3,2,1,6
06037115403,6,5,0,11
06037115404,1,2,0,3
06037117101,2,1,0,3
06037117102,1,0,0,1
06037117201,2,1,0,3
06037117202,2,0,0,2
06037117302,8,7,0,15
06037117303,3,2,2,7
06037117404,3,3,0,6
06037117405,1,0,0,1
06037117407,1,0,0,1
06037117408,0,1,1,2
06037117510,1,0,0,1
06037117520,2,3,1,6
06037117530,4,3,0,7
06037119003,1,1,0,2
06037119004,3,0,0,3
06037119201,2,0,0,2
06037119202,5,0,0,5
06037119310,1,0,0,1
06037119340,1,1,0,2
06037119341,1,1,1,3
06037119400,1,0,0,1
06037119700,1,0,1,2
06037119801,2,0,0,2
06037119802,1,3,0,4
06037119900,1,1,0,2
06037120010,2,2,0,4
06037120020,0,1,0,1
06037120030,5,1,0,6
06037120104,3,0,0,3
06037120105,2,4,1,7
06037120107,1,0,0,1
06037120300,1,2,0,3
06037120400,5,9,2,16
06037121010,4,1,0,5
06037121020,1,0,0,1
06037121101,5,7,0,12
06037121102,5,1,0,6
06037121210,1,1,2,4
06037121222,2,5,0,7
06037121801,1,1,0,2
06037121802,5,1,0,6
06037121900,5,0,4,9
06037122000,5,1,6,12
06037122120,2,0,0,2
06037122121,1,1,0,2
06037122122,2,3,0,5
06037122200,2,1,7,10
06037122410,1,1,0,2
06037122420,4,3,1,8
06037123010,2,0,3,5
06037123103,5,0,0,5
06037123104,3,2,0,5
06037123203,5,1,0,6
06037123204,2,0,0,2
06037123205,2,1,0,3
06037123206,3,2,10,15
06037123301,6,3,6,15
06037123303,4,3,1,8
06037123304,7,3,10,20
06037123364,0,0,1,1
06037123410,4,4,0,8
06037123420,4,4,0,8
06037123510,3,0,0,3
06037123520,3,3,0,6
06037123601,1,2,0,3
06037123602,1,1,0,2
06037123700,2,2,5,9
06037123800,5,0,1,6
06037123901,6,9,2,17
06037123902,2,1,0,3
06037124000,4,5,1,10
06037124102,4,2,0,6
06037124103,1,2,2,5
06037124104,1,0,0,1
06037124105,2,1,0,3
06037124201,3,2,1,6
06037124203,1,0,0,1
06037124204,1,0,0,1
06037124300,3,7,6,16
06037124400,2,2,2,6
06037124500,4,1,0,5
06037124700,4,5,3,12
06037124902,2,0,0,2
06037124903,4,3,0,7
06037125101,3,1,0,4
06037125102,2,0,1,3
06037125200,3,3,3,9
06037125310,4,2,2,8
06037125320,0,1,0,1
06037125321,1,4,1,6
06037125322,0,12,9,21
06037125402,1,2,1,4
06037125403,1,1,1,3
06037125404,3,18,3,24
06037125501,3,2,0,5
06037125502,1,2,1,4
06037125600,1,1,0,2
06037127102,1,2,2,5
06037127103,1,0,2,3
06037127104,1,1,0,2
06037127210,5,2,0,7
06037127220,4,3,0,7
06037127300,2,6,0,8
06037127400,4,2,32,38
06037127520,1,1,3,5
06037127603,2,0,0,2
06037127604,3,0,0,3
06037127605,2,3,2,7
06037127606,2,0,1,3
06037127712,1,0,0,1
06037127803,0,5,2,7
06037127804,2,0,0,2
06037127805,3,4,1,8
06037127806,4,2,0,6
06037127910,3,2,0,5
06037127920,1,0,0,1
06037128101,3,3,0,6
06037128102,4,2,0,6
06037128210,1,1,1,3
06037128220,2,1,0,3
06037128302,2,1,0,3
06037128303,1,3,3,7
06037128400,7,4,5,16
06037128500,3,6,0,9
06037128601,3,3,0,6
06037128602,2,1,1,4
06037128703,2,1,0,3
06037128704,0,3,0,3
06037128801,1,1,0,2
06037128802,2,2,1,5
06037128910,3,0,0,3
06037131021,2,1,0,3
06037131023,1,2,0,3
06037131024,0,3,1,4
06037131100,2,2,1,5
06037131200,2,0,0,2
06037131300,3,0,0,3
06037131400,1,2,0,3
06037131600,5,0,0,5
06037131701,3,1,1,5
06037131702,1,1,0,2
06037131801,4,1,0,5
06037131802,1,1,0,2
06037131900,6,7,3,16
06037132001,1,1,0,2
06037132002,4,0,0,4
06037132101,2,0,0,2
06037132102,2,2,0,4
06037132301,2,0,0,2
06037132302,3,5,0,8
06037132502,1,0,0,1
06037132700,3,0,0,3
06037133000,2,2,0,4
06037133100,0,0,2,2
06037133101,1,0,0,1
06037133102,0,1,1,2
06037134001,1,4,0,5
06037134002,1,0,0,1
06037134103,1,2,0,3
06037134104,3,1,0,4
06037134201,2,3,0,5
06037134302,1,0,0,1
06037134303,8,9,3,20
06037134304,1,0,0,1
06037134305,4,2,5,11
06037134306,2,2,0,4
06037134422,0,3,2,5
06037134423,3,0,0,3
06037134520,4,1,0,5
06037134521,2,5,0,7
06037134522,2,6,3,11
06037134710,2,1,0,3
06037134720,1,2,0,3
06037134800,1,0,0,1
06037134801,3,2,0,5
06037134802,7,6,0,13
06037134901,2,0,1,3
06037134904,1,1,0,2
06037134905,0,9,4,13
06037134906,3,0,0,3
06037134907,1,1,0,2
06037135102,1,0,0,1
06037135111,1,2,0,3
06037135113,1,5,4,10
06037135114,1,3,0,4
06037135115,0,5,1,6
06037135116,4,29,4,37
06037135201,8,11,8,27
06037135202,4,1,2,7
06037135204,2,3,1,6
06037137000,4,9,0,13
06037137103,1,3,8,12
06037137104,1,4,0,5
06037137203,7,9,1,17
06037137301,2,0,1,3
06037137401,3,5,3,11
06037137402,2,7,2,11
06037137501,3,7,2,12
06037137502,8,26,5,39
06037138000,0,0,3,3
06037139001,1,0,0,1
06037139200,3,0,0,3
06037139301,1,0,0,1
06037139302,1,1,0,2
06037139303,1,0,0,1
06037139401,10,26,3,39
06037139402,3,18,1,22
06037139502,3,6,1,10
06037139504,1,0,0,1
06037139505,2,1,0,3
06037139506,2,1,0,3
06037139600,5,25,8,38
06037139701,6,24,9,39
06037139703,0,0,2,2
06037139704,1,0,1,2
06037139801,0,0,2,2
06037141101,4,20,6,30
06037141102,3,17,6,26
06037141201,4,11,8,23
06037141202,3,7,2,12
06037141303,2,1,1,4
06037141304,0,23,4,27
06037141305,4,9,4,17
06037141306,4,17,7,28
06037141400,0,6,1,7
06037141500,0,0,1,1
06037143101,4,18,6,28
06037143102,4,8,3,15
06037143200,4,5,2,11
06037143301,2,5,4,11
06037143302,2,3,3,8
06037143401,1,0,0,1
06037143402,3,1,2,6
06037143500,3,2,0,5
06037143602,3,13,0,16
06037143603,0,5,4,9
06037143606,4,4,1,9
06037143700,3,10,8,21
06037143800,0,1,0,1
06037143801,5,26,14,45
06037143802,2,17,6,25
06037143901,6,34,12,52
06037143902,1,12,1,14
06037180402,0,1,0,1
06037181000,3,10,7,20
06037181300,3,3,0,6
06037181400,4,18,1,23
06037181500,0,1,0,1
06037181600,1,4,1,6
06037183101,4,1,2,7
06037183103,1,0,0,1
06037183104,0,0,1,1
06037183220,1,1,1,3
06037183221,2,0,0,2
06037183222,0,0,5,5
06037183300,3,6,5,14
06037183401,4,12,10,26
06037183402,3,5,0,8
06037183520,2,0,0,2
06037183610,3,14,4,21
06037183620,1,1,0,2
06037183701,5,5,2,12
06037183702,0,1,3,4
06037183810,6,12,6,24
06037185101,3,1,0,4
06037185202,0,0,2,2
06037185203,1,2,0,3
06037185310,2,2,2,6
06037185320,0,1,0,1
06037186100,1,1,2,4
06037186201,2,1,2,5
06037186202,3,1,0,4
06037186203,2,0,2,4
06037186302,4,4,3,11
06037186401,3,5,5,13
06037186403,1,3,2,6
06037186404,3,2,1,6
06037187100,0,1,0,1
06037187101,1,6,4,11
06037187102,4,1,0,5
06037187200,0,7,3,10
06037187300,3,6,1,10
06037188100,2,2,0,4
06037188201,1,1,0,2
06037188300,7,14,5,26
06037189101,1,30,8,39
06037189102,3,12,5,20
06037189201,0,7,2,9
06037189202,0,1,3,4
06037189300,0,1,0,1
06037189400,1,1,0,2
06037189501,2,7,1,10
06037189502,1,3,3,7
06037189600,0,0,1,1
06037189701,0,1,1,2
06037189702,1,7,12,20
06037189703,1,2,1,4
06037189704,1,1,0,2
06037189801,6,9,2,17
06037189802,1,2,0,3
06037189904,4,6,4,14
06037189905,1,7,2,10
06037189906,1,0,1,2
06037189907,0,6,1,7
06037190100,0,0,2,2
06037190101,3,26,16,45
06037190102,1,3,1,5
06037190201,4,26,12,42
06037190202,1,16,6,23
06037190302,1,2,0,3
06037190303,1,0,1,2
06037190401,1,7,2,10
06037190402,3,8,2,13
06037190510,2,9,0,11
06037190520,1,9,1,11
06037190700,0,5,1,6
06037190701,0,67,40,107
06037190702,0,1,1,2
06037190801,2,12,3,17
06037190802,1,27,15,43
06037190901,5,3,3,11
06037190902,1,4,3,8
06037191000,7,43,22,72
06037191110,2,2,0,4
06037191120,2,0,0,2
06037191201,4,3,1,8
06037191203,3,4,2,9
06037191204,3,3,0,6
06037191301,1,10,10,21
06037191302,2,17,10,29
06037191410,3,5,1,9
06037191420,6,4,1,11
06037191500,2,1,4,7
06037191610,5,4,1,10
06037191620,2,1,0,3
06037191710,4,8,5,17
06037191720,2,4,1,7
06037191800,0,0,1,1
06037191810,3,9,5,17
06037191820,5,4,4,13
06037191901,5,12,3,20
06037191902,4,12,4,20
06037192001,1,12,4,17
06037192002,2,15,4,21
06037192300,2,12,4,18
06037192410,2,3,3,8
06037192420,3,11,0,14
06037192510,1,8,0,9
06037192520,3,4,0,7
06037192610,2,4,4,10
06037192620,2,1,0,3
06037192700,2,3,0,5
06037193300,0,0,1,1
06037194102,1,1,1,3
06037194200,0,6,3,9
06037194401,1,6,1,8
06037194402,2,19,15,36
06037194500,3,18,9,30
06037195100,3,16,11,30
06037195200,0,0,2,2
06037195201,1,4,2,7
06037195202,1,1,0,2
06037195300,1,5,3,9
06037195400,5,18,9,32
06037195500,4,11,1,16
06037195600,3,13,2,18
06037195710,3,6,0,9
06037195720,0,1,2,3
06037195802,3,3,1,7
06037195803,2,3,3,8
06037195804,3,3,0,6
06037195901,0,7,2,9
06037195902,0,2,2,4
06037195903,3,5,3,11
06037197300,1,7,5,13
06037197410,2,2,1,5
06037197420,3,8,1,12
06037197500,2,18,11,31
06037197600,5,5,3,13
06037197700,1,6,5,12
06037199000,0,1,0,1
06037199001,3,5,1,9
06037199002,3,3,1,7
06037199120,1,0,0,1
06037199201,3,4,0,7
06037199202,1,0,0,1
06037199300,3,0,2,5
06037199400,4,1,0,5
06037199700,5,5,10,20
06037199801,2,0,0,2
06037199802,3,2,0,5
06037199900,5,3,0,8
06037201110,1,0,0,1
06037201120,1,2,2,5
06037201200,1,2,0,3
06037201301,1,1,0,2
06037201401,5,1,0,6
06037201402,2,0,0,2
06037201412,0,0,2,2
06037201501,4,0,0,4
06037201503,3,1,1,5
06037201601,1,0,0,1
06037201602,2,0,0,2
06037201700,2,3,2,7
06037203100,2,0,0,2
06037203200,3,0,0,3
06037203300,1,4,2,7
06037203500,2,7,0,9
06037203601,1,0,0,1
06037203602,2,3,0,5
06037203710,7,0,0,7
06037203720,3,1,0,4
06037203800,2,0,0,2
06037203900,1,0,2,3
06037204110,1,1,0,2
06037204120,1,0,0,1
06037204200,5,2,0,7
06037204300,5,0,0,5
06037204410,1,1,0,2
06037204420,4,5,1,10
06037204600,4,0,0,4
06037204700,7,2,1,10
06037204810,9,4,0,13
06037204820,2,1,0,3
06037204910,1,3,1,5
06037204920,2,4,0,6
06037205120,6,7,0,13
06037206010,1,12,14,27
06037206020,1,2,4,7
06037206031,0,2,19,21
06037206050,4,0,2,6
06037206051,9,43,48,100
06037206052,2,21,14,37
06037206053,0,6,0,6
06037206200,0,1,3,4
06037206201,2,17,2,21
06037206202,4,64,10,78
06037206300,0,0,10,10
06037206301,2,0,0,2
06037206303,2,1,6,9
06037207102,3,21,4,28
06037207103,0,18,10,28
06037207301,1,0,4,5
06037207302,0,0,2,2
06037207303,3,16,6,25
06037207304,0,16,7,23
06037207305,1,47,20,68
06037207306,1,28,10,39
06037207307,0,1,1,2
06037207308,2,12,8,22
06037207400,0,11,8,19
06037207501,1,0,0,1
06037207502,2,18,22,42
06037207710,0,4,4,8
06037207711,7,65,46,118
06037207712,8,65,44,117
06037207900,0,4,2,6
06037207901,0,15,9,24
06037207902,6,21,13,40
06037208002,6,3,1,10
06037208302,1,4,0,5
06037208401,2,0,0,2
06037208402,3,0,3,6
06037208501,1,3,2,6
06037208502,2,2,0,4
06037208610,2,4,2,8
06037208620,5,2,0,7
06037208720,3,3,0,6
06037208801,0,0,1,1
06037208802,1,4,3,8
06037208902,4,0,0,4
06037208903,2,2,0,4
06037208904,1,0,0,1
06037209103,2,0,0,2
06037209105,3,0,0,3
06037209106,1,3,0,4
06037209200,0,2,0,2
06037209201,2,4,2,8
06037209202,1,2,1,4
06037209300,4,3,4,11
06037209401,2,3,1,6
06037209402,4,3,0,7
06037209403,2,2,0,4
06037209510,1,0,0,1
06037209520,5,5,0,10
06037209810,0,3,1,4
06037209820,4,1,0,5
06037210010,2,0,0,2
06037211000,4,18,5,27
06037211121,1,2,0,3
06037211122,1,1,0,2
06037211123,2,4,0,6
06037211124,3,4,0,7
06037211201,1,2,1,4
06037211202,1,3,0,4
06037211310,2,2,0,4
06037211320,4,3,0,7
06037211410,2,11,0,13
06037211420,3,8,0,11
06037211500,0,10,1,11
06037211701,0,1,2,3
06037211703,1,10,0,11
06037211704,3,19,1,23
06037211802,1,41,7,49
06037211803,1,3,0,4
06037211804,2,13,0,15
06037211810,0,1,0,1
06037211910,0,3,1,4
06037211921,0,3,0,3
06037211922,2,2,0,4
06037212101,5,12,0,17
06037212102,2,31,3,36
06037212202,3,6,1,10
06037212203,5,11,0,16
06037212204,2,1,1,4
06037212301,0,1,0,1
06037212303,1,14,2,17
06037212304,0,5,0,5
06037212305,0,2,0,2
06037212306,2,12,0,14
06037212410,0,9,5,14
06037212420,2,5,0,7
06037212501,2,8,0,10
06037212502,3,27,7,37
06037212610,2,10,3,15
06037212620,0,4,0,4
06037212701,1,10,0,11
06037212702,0,0,2,2
06037212800,2,2,0,4
06037212900,1,10,5,16
06037213100,4,8,1,13
06037213201,3,20,6,29
06037213202,5,8,1,14
06037213310,1,6,1,8
06037213320,2,13,0,15
06037213401,1,5,0,6
06037213402,2,2,0,4
06037214000,5,20,13,38
06037214100,3,1,1,5
06037214400,1,13,5,19
06037214500,0,1,0,1
06037214501,7,18,10,35
06037214600,4,29,3,36
06037214700,2,14,8,24
06037214800,4,24,11,39
06037214902,2,23,7,32
06037214903,0,1,2,3
06037214904,0,1,0,1
06037215101,2,5,2,9
06037215102,3,5,7,15
06037216100,0,0,2,2
06037216201,1,5,3,9
06037216202,0,1,0,1
06037216301,1,2,0,3
06037216302,1,3,4,8
06037216401,2,11,5,18
06037216402,0,1,0,1
06037216700,2,1,0,3
06037216800,1,3,0,4
06037216901,3,1,1,5
06037216902,0,3,2,5
06037217001,4,6,6,16
06037217002,4,1,2,7
06037217101,1,1,0,2
06037217102,3,1,0,4
06037217200,7,5,2,14
06037218110,5,6,2,13
06037218120,1,1,0,2
06037218210,1,0,0,1
06037218220,2,1,0,3
06037218300,4,0,0,4
06037218400,1,0,0,1
06037218500,1,0,0,1
06037218600,1,2,0,3
06037218701,1,1,1,3
06037218702,1,2,0,3
06037218800,1,0,0,1
06037219010,3,1,0,4
06037219020,1,1,2,4
06037219300,3,2,0,5
06037219500,1,0,0,1
06037219700,4,4,3,11
06037219800,1,4,2,7
06037219901,3,9,9,21
06037219902,1,6,2,9
06037220000,3,4,1,8
06037220100,6,29,12,47
06037221110,2,4,0,6
06037221120,2,1,0,3
06037221210,2,1,0,3
06037221220,3,2,0,5
06037221302,5,0,0,5
06037221303,2,3,1,6
06037221401,1,0,0,1
06037221402,1,0,0,1
06037221601,1,3,0,4
06037221602,2,3,2,7
06037221710,2,1,4,7
06037221810,2,3,2,7
06037221820,0,1,0,1
06037221900,3,4,0,7
06037222001,1,0,0,1
06037222002,4,0,0,4
06037222200,1,0,0,1
06037222500,3,0,0,3
06037222600,2,0,1,3
06037222700,0,7,5,12
06037224010,2,1,2,5
06037224020,5,3,2,10
06037224200,1,2,1,4
06037224310,3,1,0,4
06037224320,3,2,1,6
06037224410,1,4,0,5
06037224420,1,0,1,2
06037224600,1,2,0,3
06037224702,2,7,3,12
06037226001,2,2,4,8
06037226002,10,26,30,66
06037226410,6,2,0,8
06037226420,8,0,0,8
06037226701,5,1,0,6
06037226702,1,0,0,1
06037227010,6,0,1,7
06037227020,2,1,0,3
06037228100,4,2,2,8
06037228210,1,0,0,1
06037228220,4,0,0,4
06037228310,4,0,0,4
06037228320,0,1,0,1
06037228410,1,2,0,3
06037228420,1,0,0,1
06037228500,5,0,0,5
06037228600,0,1,0,1
06037228710,4,0,0,4
06037228720,3,0,0,3
06037228800,3,2,5,10
06037228900,2,0,0,2
06037229100,1,0,0,1
06037229200,1,0,1,2
06037229300,2,0,0,2
06037229410,1,0,0,1
06037229420,1,0,0,1
06037231100,2,2,2,6
06037231210,0,1,0,1
06037231220,0,11,15,26
06037231301,2,0,0,2
06037231302,1,0,0,1
06037231400,1,0,0,1
06037231500,3,0,0,3
06037231601,4,0,0,4
06037231603,4,0,0,4
06037231710,5,0,0,5
06037231720,2,0,0,2
06037231800,3,2,0,5
06037231901,2,0,0,2
06037231902,2,0,0,2
06037232110,2,0,0,2
06037232120,3,2,2,7
06037232200,1,0,0,1
06037232300,2,1,0,3
06037232401,2,0,0,2
06037232402,0,1,0,1
06037232500,0,1,0,1
06037232601,1,0,0,1
06037232701,3,0,0,3
06037232702,2,0,0,2
06037232800,1,1,0,2
06037234002,2,0,0,2
06037234200,0,2,1,3
06037234301,2,1,4,7
06037234302,1,0,0,1
06037234501,3,1,0,4
06037234502,1,0,0,1
06037234600,5,1,0,6
06037234700,3,1,0,4
06037234800,1,0,0,1
06037234901,2,0,0,2
06037234902,2,0,0,2
06037235100,1,1,0,2
06037235201,1,0,0,1
06037235202,4,1,1,6
06037236001,2,1,4,7
06037236100,0,1,0,1
06037236101,2,2,2,6
06037236102,0,1,1,2
06037236206,1,0,0,1
06037237101,3,0,0,3
06037237102,2,1,0,3
06037237201,1,0,0,1
06037237202,1,0,0,1
06037237300,2,0,1,3
06037237402,3,1,0,4
06037237500,1,0,0,1
06037237600,2,0,0,2
06037237710,2,0,0,2
06037237800,1,0,0,1
06037237900,2,3,0,5
06037238000,2,1,0,3
06037238100,3,2,1,6
06037238310,1,0,0,1
06037238320,1,1,0,2
06037238400,6,2,0,8
06037239201,1,2,0,3
06037239202,7,1,7,15
06037239310,3,1,0,4
06037239320,1,2,0,3
06037239330,1,1,3,5
06037239501,3,1,0,4
06037239502,1,0,0,1
06037239601,2,0,0,2
06037239602,2,0,0,2
06037239701,2,0,0,2
06037239702,4,0,0,4
06037239801,2,0,0,2
06037239802,2,0,0,2
06037240010,2,0,0,2
06037240020,5,0,0,5
06037240200,5,1,0,6
06037240301,1,0,0,1
06037240302,1,0,0,1
06037240401,1,0,0,1
06037240402,1,0,0,1
06037240500,4,1,0,5
06037240600,3,0,0,3
06037240700,3,0,0,3
06037240800,1,0,0,1
06037240900,0,0,8,8
06037240901,2,0,0,2
06037241002,4,1,0,5
06037241110,2,0,0,2
06037241120,4,0,1,5
06037241201,5,0,0,5
06037241202,3,0,0,3
06037241300,1,0,0,1
06037241400,1,0,0,1
06037242000,2,0,0,2
06037242100,1,0,0,1
06037242201,1,0,0,1
06037242300,2,0,0,2
06037242600,1,0,0,1
06037243002,3,0,0,3
06037243100,2,0,0,2
06037257313,1,0,1,2
06037261103,0,0,2,2
06037261200,3,6,0,9
06037262100,0,3,4,7
06037262200,2,3,3,8
06037262301,2,1,6,9
06037262302,0,4,4,8
06037262501,1,8,3,12
06037262601,0,1,0,1
06037262604,1,5,3,9
06037262704,1,1,0,2
06037262706,3,3,3,9
06037262802,2,11,6,19
06037264000,2,2,0,4
06037264102,0,8,0,8
06037264103,1,13,9,23
06037264301,0,1,0,1
06037264302,0,0,3,3
06037264303,2,14,3,19
06037264304,0,10,4,14
06037264305,1,14,5,20
06037264306,2,4,3,9
06037265100,0,1,0,1
06037265201,1,0,0,1
06037265202,0,2,1,3
06037265203,0,1,3,4
06037265204,5,27,13,45
06037265301,0,2,3,5
06037265307,0,3,0,3
06037265410,1,0,1,2
06037265420,0,0,2,2
06037265510,2,0,0,2
06037265521,0,1,1,2
06037265522,1,12,1,14
06037265523,3,5,0,8
06037265524,2,2,3,7
06037265601,1,0,1,2
06037265602,0,2,4,6
06037265701,1,1,1,3
06037265702,0,1,0,1
06037267101,0,1,0,1
06037267102,1,0,1,2
06037267200,0,1,3,4
06037267201,4,2,8,14
06037267202,6,5,4,15
06037267300,7,13,4,24
06037267403,1,1,0,2
06037267404,0,1,0,1
06037267405,1,5,0,6
06037267406,1,5,1,7
06037267502,3,4,1,8
06037267503,0,7,1,8
06037267504,2,0,0,2
06037267600,13,11,8,32
06037267700,5,43,11,59
06037267800,3,18,4,25
06037267901,4,39,15,58
06037267902,1,5,4,10
06037269000,8,9,11,28
06037269100,5,14,8,27
06037269300,2,5,4,11
06037269601,4,0,0,4
06037269602,1,0,0,1
06037269700,3,0,0,3
06037269800,1,2,0,3
06037269903,0,3,0,3
06037269905,4,10,0,14
06037269907,2,3,3,8
06037269908,1,6,2,9
06037269909,3,2,0,5
06037270101,4,3,4,11
06037270102,2,3,0,5
06037270200,3,5,3,11
06037270300,2,0,0,2
06037271200,2,8,5,15
06037271300,3,7,1,11
06037271400,0,1,1,2
06037271500,0,1,1,2
06037271600,1,1,0,2
06037271702,4,2,0,6
06037271703,0,3,2,5
06037271704,3,1,0,4
06037271801,1,0,0,1
06037271802,0,1,0,1
06037271803,0,2,0,2
06037271804,2,3,2,7
06037271902,4,3,2,9
06037272100,5,3,1,9
06037272202,1,0,0,1
06037272301,3,1,1,5
06037272302,1,5,4,10
06037273100,3,4,6,13
06037273200,2,8,1,11
06037273300,2,17,6,25
06037273402,0,2,1,3
06037273403,2,5,2,9
06037273404,1,8,0,9
06037273502,5,17,12,34
06037273600,2,10,11,23
06037273700,3,3,1,7
06037273800,4,2,2,8
06037273902,5,19,10,34
06037274100,4,18,7,29
06037274202,1,8,1,10
06037275101,0,1,0,1
06037275102,1,0,0,1
06037275200,2,1,4,7
06037275302,0,0,2,2
06037275311,2,5,3,10
06037275312,0,1,0,1
06037275313,3,9,2,14
06037275400,1,10,2,13
06037275500,4,1,1,6
06037275602,0,0,2,2
06037275603,0,6,0,6
06037275604,5,17,7,29
06037275605,1,0,0,1
06037276000,0,7,9,16
06037276101,1,4,0,5
06037276102,5,3,0,8
06037276400,1,0,3,4
06037276500,5,4,3,12
06037276601,2,11,7,20
06037276605,1,0,1,2
06037276607,1,2,1,4
06037277000,1,0,0,1
06037277200,3,16,10,29
06037277400,2,4,1,7
06037278001,6,14,4,24
06037278102,3,16,8,27
06037291110,1,1,0,2
06037291120,2,1,0,3
06037291130,3,1,1,5
06037291210,2,1,0,3
06037291220,2,1,2,5
06037291300,1,4,0,5
06037292000,0,0,11,11
06037292001,9,7,2,18
06037293201,0,1,0,1
06037293202,0,1,0,1
06037293203,4,5,0,9
06037293204,0,1,0,1
06037293205,4,6,0,10
06037293206,1,0,0,1
06037293301,1,0,0,1
06037293302,1,0,4,5
06037293304,4,1,0,5
06037293306,2,0,0,2
06037293307,3,1,1,5
06037294100,0,1,0,1
06037294110,2,1,0,3
06037294120,1,0,2,3
06037294200,2,3,2,7
06037294302,2,0,0,2
06037294410,3,1,0,4
06037294421,1,0,0,1
06037294510,2,1,0,3
06037294520,5,2,0,7
06037294610,3,1,0,4
06037294620,5,5,1,11
06037294701,2,4,0,6
06037294810,2,0,0,2
06037294820,4,2,0,6
06037294830,3,1,8,12
06037294900,3,0,2,5
06037295103,5,4,11,20
06037296200,0,0,3,3
06037296210,2,1,0,3
06037296220,5,23,7,35
06037296300,7,1,0,8
06037296401,2,0,0,2
06037296600,10,8,3,21
06037296901,4,2,1,7
06037296902,1,1,1,3
06037297000,0,0,1,1
06037297110,7,6,5,18
06037297120,1,3,1,5
06037297201,2,2,0,4
06037297202,1,0,0,1
06037297300,2,2,0,4
06037297400,2,3,4,9
06037297501,2,2,0,4
06037297601,2,7,8,17
06037297602,1,0,0,1
06037300200,3,2,0,5
06037300301,2,3,0,5
06037300400,4,4,1,9
06037300501,4,1,0,5
06037300503,0,1,0,1
06037300600,0,1,0,1
06037300601,2,0,0,2
06037300602,5,35,5,45
06037300701,1,3,3,7
06037300800,7,8,1,16
06037300901,1,1,5,7
06037300902,0,1,0,1
06037301000,7,2,1,10
06037301100,4,5,1,10
06037301203,1,0,1,2
06037301204,6,9,6,21
06037301206,4,2,2,8
06037301300,1,0,0,1
06037301400,0,1,0,1
06037301501,0,2,0,2
06037301502,12,4,0,16
06037301601,11,8,23,42
06037301602,4,4,2,10
06037301701,2,0,0,2
06037301702,2,3,8,13
06037301800,1,0,0,1
06037301801,4,12,7,23
06037301802,5,25,7,37
06037301900,0,0,1,1
06037301901,0,2,0,2
06037301902,3,1,1,5
06037302002,8,33,6,47
06037302003,1,1,0,2
06037302004,3,3,0,6
06037302103,8,2,0,10
06037302104,4,2,0,6
06037302201,5,28,8,41
06037302202,7,3,2,12
06037302301,6,19,3,28
06037302302,3,2,4,9
06037302401,11,12,18,41
06037302503,1,2,1,4
06037302504,3,1,0,4
06037302505,1,0,5,6
06037302506,1,0,0,1
06037310100,0,4,1,5
06037310300,0,0,1,1
06037310400,3,3,6,12
06037310501,4,10,8,22
06037310601,5,1,1,7
06037310602,2,5,0,7
06037310701,5,11,5,21
06037310702,0,1,2,3
06037310703,3,4,0,7
06037310704,3,6,2,11
06037310705,3,60,14,77
06037310800,6,12,7,25
06037310900,5,7,13,25
06037311000,5,2,3,10
06037311100,1,3,2,6
06037311200,6,6,3,15
06037311300,2,6,0,8
06037311400,2,9,5,16
06037311500,3,3,0,6
06037311601,3,11,4,18
06037311602,2,18,4,24
06037311700,5,9,4,18
06037311801,1,0,0,1
06037311802,3,0,3,6
06037320102,6,3,1,10
06037320201,1,9,5,15
06037320202,2,5,6,13
06037320300,12,16,5,33
06037400205,0,4,3,7
06037400209,0,2,1,3
06037400302,1,0,0,1
06037400304,6,5,0,11
06037400402,0,3,5,8
06037400403,3,3,1,7
06037400602,7,5,1,13
06037400603,1,2,4,7
06037400605,0,1,0,1
06037400801,5,10,2,17
06037401002,6,12,2,20
06037401101,4,3,11,18
06037401102,3,9,0,12
06037401201,2,5,1,8
06037401202,11,7,6,24
06037401203,0,2,0,2
06037401304,2,5,3,10
06037401311,6,17,9,32
06037401312,4,1,1,6
06037401500,11,20,11,42
06037401601,3,10,0,13
06037401602,6,10,2,18
06037401701,0,0,1,1
06037401703,0,0,1,1
06037401704,0,1,0,1
06037401706,1,9,0,10
06037401707,4,3,0,7
06037401800,0,0,4,4
06037401801,2,5,6,13
06037401802,4,6,2,12
06037401901,0,1,1,2
06037401902,4,39,6,49
06037402001,2,1,0,3
06037402002,2,0,0,2
06037402101,1,0,0,1
06037402102,3,2,0,5
06037402200,4,11,12,27
06037402301,1,0,0,1
06037402303,5,0,0,5
06037402304,2,2,0,4
06037402403,2,4,3,9
06037402404,0,1,0,1
06037402405,1,2,0,3
06037402406,4,0,0,4
06037402501,6,1,1,8
06037402504,1,0,0,1
06037402601,4,0,0,4
06037402602,1,0,0,1
06037402702,5,2,0,7
06037402703,1,0,0,1
06037402706,6,0,0,6
06037402801,8,4,12,24
06037402803,1,0,0,1
06037402804,2,1,0,3
06037402902,2,1,0,3
06037402903,6,0,0,6
06037402904,1,0,2,3
06037403000,6,6,1,13
06037403303,0,1,4,5
06037403312,0,0,1,1
06037403316,1,2,0,3
06037403317,4,0,0,4
06037403318,2,2,0,4
06037403319,1,8,0,9
06037403320,2,2,2,6
06037403321,3,3,2,8
06037403323,4,4,1,9
06037403324,0,3,1,4
06037403325,4,5,0,9
06037403326,2,8,0,10
06037403327,4,4,6,14
06037403328,4,4,3,11
06037403401,2,3,7,12
06037403402,2,6,0,8
06037403403,1,3,1,5
06037403407,0,1,0,1
06037403408,3,2,1,6
06037403409,2,2,0,4
06037403600,1,0,2,3
06037403601,3,10,2,15
06037403702,1,1,0,2
06037403703,0,0,2,2
06037403721,5,6,1,12
06037403722,5,6,0,11
06037403801,8,4,8,20
06037403802,5,2,2,9
06037403901,1,4,0,5
06037403902,2,6,0,8
06037404000,5,3,0,8
06037404100,1,1,1,3
06037404201,3,4,0,7
06037404203,1,1,0,2
06037404301,8,8,5,21
06037404302,4,0,2,6
06037404401,4,3,0,7
06037404402,3,4,5,12
06037404501,3,1,0,4
06037404503,1,1,0,2
06037404504,2,0,0,2
06037404600,16,5,76,97
06037404701,4,3,0,7
06037404702,7,0,0,7
06037404703,1,0,6,7
06037404804,4,1,0,5
06037404805,5,3,0,8
06037404806,8,3,0,11
06037404901,0,1,0,1
06037404903,6,0,0,6
06037405001,3,0,1,4
06037405101,4,2,2,8
06037405102,2,4,2,8
06037405201,2,1,0,3
06037405202,1,2,0,3
06037405203,3,3,2,8
06037405301,3,2,0,5
06037405400,5,4,2,11
06037405500,1,0,0,1
06037405600,3,3,2,8
06037405701,3,1,5,9
06037405702,1,6,0,7
06037405800,6,4,0,10
06037405900,4,2,0,6
06037406000,7,3,0,10
06037406101,2,18,5,25
06037406103,6,19,2,27
06037406201,4,1,2,7
06037406300,5,9,2,16
06037406500,2,7,1,10
06037406601,2,1,0,3
06037406602,5,1,0,6
06037406701,1,2,0,3
06037406702,6,42,4,52
06037406800,0,0,2,2
06037406801,1,0,0,1
06037406903,6,2,0,8
06037407001,0,0,4,4
06037407002,1,2,14,17
06037407101,4,5,0,9
06037407201,2,1,0,3
06037407202,3,0,0,3
06037407301,2,0,0,2
06037407400,2,1,1,4
06037407501,9,2,0,11
06037407502,3,0,0,3
06037407601,5,6,0,11
06037407602,1,1,0,2
06037407701,5,11,0,16
06037407702,1,2,2,5
06037407801,1,0,0,1
06037407802,1,3,3,7
06037407901,2,0,0,2
06037407902,2,1,0,3
06037408003,0,0,2,2
06037408004,2,1,0,3
06037408005,4,3,0,7
06037408006,1,2,1,4
06037408133,2,0,0,2
06037408134,0,1,0,1
06037408137,4,1,0,5
06037408138,2,0,0,2
06037408139,1,0,0,1
06037408202,0,0,23,23
06037408211,0,3,4,7
06037408212,4,15,0,19
06037408213,6,37,1,44
06037408301,3,5,0,8
06037408302,0,2,1,3
06037408401,3,2,2,7
06037408402,6,0,1,7
06037408503,0,1,0,1
06037408504,6,3,0,9
06037408623,3,5,0,8
06037408625,3,5,1,9
06037408626,0,10,1,11
06037408628,2,1,0,3
06037408704,0,1,0,1
06037408705,2,4,0,6
06037408707,1,5,0,6
06037408722,2,1,0,3
06037408724,2,2,0,4
06037408725,0,6,0,6
06037408800,5,27,7,39
06037408900,2,6,0,8
06037409000,7,3,5,15
06037409100,9,9,2,20
06037410902,0,1,0,1
06037430004,6,5,14,25
06037430005,3,3,5,11
06037430101,7,9,0,16
06037430102,0,1,1,2
06037430200,1,1,0,2
06037430302,2,4,0,6
06037430400,6,2,2,10
06037430501,0,2,0,2
06037430502,4,17,10,31
06037430701,1,1,2,4
06037430721,4,36,10,50
06037430723,1,3,0,4
06037430724,2,9,0,11
06037430801,7,29,13,49
06037430802,2,1,0,3
06037430803,3,1,0,4
06037430901,4,2,0,6
06037430902,8,18,5,31
06037431001,0,1,0,1
06037431002,0,1,1,2
06037431003,2,0,0,2
06037431004,1,24,4,29
06037431100,3,7,14,24
06037431200,3,8,2,13
06037431300,1,0,0,1
06037431400,1,6,0,7
06037431501,2,0,1,3
06037431502,2,4,0,6
06037431600,3,8,3,14
06037431700,1,0,0,1
06037431701,5,7,1,13
06037431800,1,5,5,11
06037431900,0,2,0,2
06037432002,3,5,2,10
06037432102,2,0,0,2
06037432201,2,5,0,7
06037432202,1,3,0,4
06037432300,4,2,12,18
06037432301,0,1,0,1
06037432401,4,2,2,8
06037432402,3,0,0,3
06037432501,4,4,0,8
06037432502,2,2,2,6
06037432601,1,4,0,5
06037432700,3,7,2,12
06037432801,2,2,0,4
06037432802,5,3,0,8
06037432901,3,7,0,10
06037432902,3,1,0,4
06037433101,0,0,1,1
06037433103,3,2,0,5
06037433200,11,3,5,19
06037433300,1,0,1,2
06037433302,1,2,0,3
06037433304,5,2,0,7
06037433305,2,0,0,2
06037433306,1,0,0,1
06037433402,3,0,0,3
06037433403,7,3,1,11
06037433501,0,0,6,6
06037433504,0,1,1,2
06037433505,5,0,0,5
06037433506,9,11,1,21
06037433601,2,2,0,4
06037433602,1,1,0,2
06037433700,0,0,6,6
06037433801,0,0,12,12
06037433803,1,0,0,1
06037433804,2,6,2,10
06037433901,5,4,0,9
06037433903,2,1,0,3
06037434003,3,0,0,3
06037434004,5,0,0,5
06037434100,6,5,1,12
06037448213,0,1,0,1
06037460000,0,1,0,1
06037460002,0,2,0,2
06037460101,0,2,0,2
06037460200,0,4,0,4
06037460302,4,0,0,4
06037460401,0,1,1,2
06037460502,7,9,5,21
06037460601,4,4,2,10
06037460700,4,10,2,16
06037460900,2,2,1,5
06037461000,4,3,1,8
06037461100,2,2,4,8
06037461200,1,2,3,6
06037461300,4,7,6,17
06037461400,3,4,1,8
06037461501,1,1,0,2
06037461502,0,0,1,1
06037461600,1,0,7,8
06037461700,0,6,7,13
06037461901,5,3,0,8
06037461902,1,63,24,88
06037462002,1,1,0,2
06037462100,2,0,0,2
06037462201,2,3,1,6
06037462202,3,15,6,24
06037462301,2,0,0,2
06037462302,1,13,2,16
06037462400,4,7,1,12
06037462500,2,1,0,3
06037462700,4,6,3,13
06037462800,3,7,1,11
06037462900,1,3,9,13
06037463000,3,19,7,29
06037463103,21,18,13,52
06037463200,0,2,1,3
06037463400,1,3,1,5
06037463500,3,31,11,45
06037463601,7,26,10,43
06037463602,3,41,19,63
06037463700,3,30,11,44
06037463800,4,2,5,11
06037464000,4,15,4,23
06037464100,0,1,0,1
06037464101,0,3,2,5
06037464102,2,5,0,7
06037464200,1,0,0,1
06037480002,1,0,1,2
06037480011,3,2,0,5
06037480012,2,2,0,4
06037480101,2,14,3,19
06037480102,2,4,0,6
06037480201,7,2,0,9
06037480202,1,1,0,2
06037480302,4,8,1,13
06037480304,2,14,1,17
06037480400,1,2,0,3
06037480500,1,5,3,9
06037480600,0,1,0,1
06037480601,4,9,6,19
06037480602,1,9,2,12
06037480702,2,1,0,3
06037480703,1,1,2,4
06037480704,2,5,4,11
06037480802,4,2,2,8
06037480803,3,4,1,8
06037480804,10,8,0,18
06037480901,2,0,0,2
06037480902,0,1,0,1
06037480903,2,1,0,3
06037481001,3,21,3,27
06037481002,0,7,2,9
06037481101,5,13,2,20
06037481102,4,7,3,14
06037481103,2,1,0,3
06037481201,7,6,0,13
06037481203,1,2,0,3
06037481300,0,14,1,15
06037481401,6,22,3,31
06037481403,2,13,0,15
06037481404,2,12,3,17
06037481500,3,10,2,15
06037481603,1,1,0,2
06037481604,0,3,0,3
06037481605,1,0,0,1
06037481606,2,5,0,7
06037481711,2,4,0,6
06037481712,2,2,0,4
06037481713,1,9,1,11
06037481714,5,20,0,25
06037481901,3,4,2,9
06037481902,1,0,0,1
06037482001,2,6,4,12
06037482002,2,1,2,5
06037482101,1,7,2,10
06037482102,2,3,0,5
06037482201,3,6,3,12
06037482202,0,1,0,1
06037482301,1,0,0,1
06037482303,2,0,0,2
06037482304,1,1,0,2
06037482401,5,0,0,5
06037482402,0,2,0,2
06037482403,1,0,14,15
06037482404,2,0,0,2
06037482502,1,1,0,2
06037482503,3,7,0,10
06037482521,2,1,0,3
06037482522,1,1,0,2
06037482600,0,1,0,1
06037482701,6,9,0,15
06037482702,0,1,0,1
06037482801,3,4,0,7
06037500100,0,2,6,8
06037500201,0,1,0,1
06037500202,4,4,1,9
06037500203,2,8,1,11
06037500300,1,2,2,5
06037500402,0,3,3,6
06037500403,4,1,0,5
06037500500,1,0,0,1
06037500600,20,7,1,28
06037500700,6,9,0,15
06037500800,7,9,0,16
06037500900,3,2,0,5
06037501001,1,0,0,1
06037501002,2,2,0,4
06037501200,1,1,0,2
06037501301,0,1,0,1
06037501501,1,2,1,4
06037501503,2,0,0,2
06037501504,3,53,11,67
06037501600,2,3,2,7
06037501700,2,3,0,5
06037501802,2,0,0,2
06037501803,6,2,0,8
06037501804,2,4,1,7
06037501900,5,4,0,9
06037502003,2,0,2,4
06037502004,2,1,0,3
06037502005,5,0,0,5
06037502100,8,4,2,14
06037502200,0,1,0,1
06037502303,9,9,0,18
06037502401,1,0,0,1
06037502402,1,0,0,1
06037502500,10,3,10,23
06037502602,9,13,5,27
06037502603,2,0,1,3
06037502604,1,2,0,3
06037502700,2,1,22,25
06037502800,0,1,0,1
06037502801,1,3,0,4
06037502802,0,0,6,6
06037502901,1,2,0,3
06037502902,0,0,11,11
06037503000,3,1,0,4
06037503103,1,0,0,1
06037503104,2,0,0,2
06037503105,2,1,3,6
06037503106,3,1,0,4
06037503202,1,0,0,1
06037503301,1,3,0,4
06037503302,4,1,0,5
06037503401,2,4,0,6
06037503402,10,18,0,28
06037503501,4,0,0,4
06037503502,3,0,0,3
06037503601,2,4,0,6
06037503602,6,8,0,14
06037503701,3,2,0,5
06037503702,1,2,0,3
06037503704,2,0,0,2
06037503705,1,4,2,7
06037503801,1,2,0,3
06037503802,4,10,2,16
06037503902,7,4,6,17
06037504002,2,1,2,5
06037504101,4,3,1,8
06037504102,0,0,8,8
06037504200,16,12,16,44
06037530005,3,4,2,9
06037530006,3,8,0,11
06037530007,4,12,1,17
06037530101,0,7,5,12
06037530102,2,5,0,7
06037530202,2,10,5,17
06037530203,3,7,1,11
06037530204,3,1,0,4
06037530301,2,7,3,12
06037530302,4,2,0,6
06037530400,1,0,0,1
06037530500,2,4,3,9
06037530603,3,0,0,3
06037530700,2,0,6,8
06037530801,5,0,0,5
06037530802,2,0,0,2
06037530901,6,1,0,7
06037530902,2,0,0,2
06037531000,7,0,0,7
06037531101,5,2,0,7
06037531102,4,1,0,5
06037531201,6,1,0,7
06037531202,1,0,0,1
06037531301,3,1,1,5
06037531302,5,1,3,9
06037531502,2,1,0,3
06037531503,1,0,0,1
06037531504,7,1,0,8
06037531602,5,0,0,5
06037531603,1,0,0,1
06037531604,4,2,0,6
06037531701,2,3,0,5
06037531702,4,6,3,13
06037531800,2,3,0,5
06037531901,1,2,0,3
06037531902,5,1,0,6
06037532001,4,2,0,6
06037532002,1,0,0,1
06037532101,1,2,4,7
06037532102,4,1,0,5
06037532200,8,4,8,20
06037532302,3,0,2,5
06037532303,12,14,61,87
06037532304,7,4,34,45
06037532400,0,0,39,39
06037532500,7,1,1,9
06037532605,6,9,0,15
06037532606,2,0,0,2
06037532607,6,6,1,13
06037532700,4,0,0,4
06037532800,3,2,0,5
06037532900,7,2,4,13
06037533001,4,1,0,5
06037533002,2,0,0,2
06037533103,4,4,2,10
06037533104,1,8,1,10
06037533105,2,0,0,2
06037533108,2,1,0,3
06037533201,2,3,0,5
06037533204,6,1,0,7
06037533300,3,0,0,3
06037533401,2,1,1,4
06037533402,7,0,0,7
06037533403,2,3,0,5
06037533501,2,0,0,2
06037533504,1,0,0,1
06037533601,8,5,0,13
06037533602,3,3,0,6
06037533603,4,3,0,7
06037533701,6,6,3,15
06037533702,4,0,0,4
06037533703,2,1,1,4
06037533801,0,0,4,4
06037533803,4,5,1,10
06037533804,2,1,0,3
06037533805,5,2,0,7
06037533806,3,1,0,4
06037533901,3,1,0,4
06037533902,3,2,1,6
06037534001,5,2,0,7
06037534002,5,0,2,7
06037534101,2,12,12,26
06037534102,8,4,3,15
06037534201,1,0,0,1
06037534202,9,3,0,12
06037534301,5,1,0,6
06037534302,1,0,0,1
06037534403,1,0,0,1
06037534404,3,1,0,4
06037534405,3,0,0,3
06037534406,1,1,0,2
06037534501,7,3,0,10
06037534502,1,0,0,1
06037534802,2,0,0,2
06037534803,3,6,1,10
06037534804,1,0,0,1
06037534900,9,6,1,16
06037535001,3,0,0,3
06037535002,5,2,0,7
06037535101,2,2,0,4
06037535102,3,0,0,3
06037535200,1,0,0,1
06037535300,10,2,0,12
06037535400,2,0,0,2
06037535501,3,5,1,9
06037535502,2,0,0,2
06037535603,5,2,11,18
06037535605,5,3,1,9
06037535606,1,0,0,1
06037535607,4,1,0,5
06037535701,3,1,0,4
06037535702,2,3,0,5
06037535802,2,1,2,5
06037535803,3,0,2,5
06037535804,1,2,0,3
06037535901,4,0,5,9
06037535902,0,1,0,1
06037536000,3,7,1,11
06037536102,8,7,1,16
06037536103,5,2,0,7
06037536104,3,4,0,7
06037536200,0,1,0,1
06037536201,2,2,1,5
06037536202,6,5,1,12
06037540000,6,4,1,11
06037540101,3,0,2,5
06037540102,3,1,0,4
06037540201,5,3,0,8
06037540202,9,4,0,13
06037540203,3,1,0,4
06037540300,9,11,2,22
06037540400,2,0,0,2
06037540502,3,1,0,4
06037540600,1,0,0,1
06037540700,1,0,0,1
06037540800,5,0,0,5
06037540901,1,1,1,3
06037540902,3,2,13,18
06037541000,1,0,0,1
06037541002,0,0,12,12
06037541003,9,6,12,27
06037541100,1,1,0,2
06037541200,0,0,10,10
06037541300,2,0,0,2
06037541401,1,0,0,1
06037541500,4,0,0,4
06037541603,4,0,0,4
06037541604,7,2,1,10
06037541605,4,1,0,5
06037541606,0,0,1,1
06037541700,1,2,0,3
06037541801,2,0,0,2
06037541802,3,1,0,4
06037542103,1,1,0,2
06037542104,2,0,0,2
06037542105,1,0,0,1
06037542106,1,0,0,1
06037542200,7,1,1,9
06037542401,4,1,0,5
06037542402,8,3,18,29
06037542502,3,0,0,3
06037542601,1,0,0,1
06037542602,2,1,0,3
06037542700,3,1,0,4
06037542800,2,0,0,2
06037542900,2,0,0,2
06037543000,2,0,0,2
06037543100,2,1,8,11
06037543201,2,0,0,2
06037543202,0,0,1,1
06037543203,3,7,1,11
06037543303,0,1,0,1
06037543305,1,0,26,27
06037543306,10,11,35,56
06037543321,3,3,8,14
06037543322,1,1,0,2
06037543400,1,6,0,7
06037543501,5,4,3,12
06037543502,4,0,0,4
06037543503,8,3,1,12
06037543603,2,0,2,4
06037543605,1,0,0,1
06037543606,2,0,0,2
06037543607,2,0,0,2
06037543701,1,0,0,1
06037543703,6,8,2,16
06037543704,3,0,1,4
06037543705,1,1,0,2
06037543801,1,2,2,5
06037543803,3,4,1,8
06037543804,3,1,1,5
06037543901,0,0,2,2
06037543903,2,4,5,11
06037543905,1,0,29,30
06037544001,3,1,1,5
06037544002,2,2,1,5
06037550000,0,1,0,1
06037550201,1,0,0,1
06037550202,4,2,0,6
06037550301,6,2,1,9
06037550501,2,4,0,6
06037550502,3,3,1,7
06037550601,4,2,1,7
06037550602,2,7,0,9
06037550700,1,0,0,1
06037550800,0,1,2,3
06037550801,2,13,0,15
06037550802,2,1,0,3
06037550901,2,19,13,34
06037550902,0,3,1,4
06037551000,0,1,0,1
06037551001,1,5,2,8
06037551002,0,2,0,2
06037551101,6,25,3,34
06037551102,4,3,18,25
06037551201,4,3,0,7
06037551203,1,1,0,2
06037551204,4,4,1,9
06037551300,6,16,0,22
06037551401,2,1,0,3
06037551402,5,2,0,7
06037551501,2,1,0,3
06037551502,4,5,0,9
06037551700,6,1,0,7
06037551801,2,1,0,3
06037551802,2,3,0,5
06037551900,3,0,0,3
06037552002,3,2,1,6
06037552100,5,2,0,7
06037552200,4,3,4,11
06037552301,0,4,2,6
06037552302,0,1,0,1
06037552400,4,3,2,9
06037552601,2,0,0,2
06037552602,2,0,2,4
06037552700,2,1,0,3
06037552800,4,3,1,8
06037552900,1,1,0,2
06037553000,1,0,2,3
06037553100,9,5,2,16
06037553201,2,2,0,4
06037553202,3,2,0,5
06037553300,5,1,0,6
06037553400,4,1,0,5
06037553502,4,3,0,7
06037553503,1,0,0,1
06037553504,0,3,0,3
06037553601,4,7,0,11
06037553602,1,1,0,2
06037553701,2,1,0,3
06037553702,5,0,0,5
06037553801,3,2,7,12
06037553802,4,1,6,11
06037553901,4,5,0,9
06037553902,5,11,4,20
06037554001,3,1,0,4
06037554002,6,2,0,8
06037554101,5,3,1,9
06037554106,3,1,0,4
06037554200,0,1,0,1
06037554201,7,1,1,9
06037554203,1,3,1,5
06037554204,1,11,5,17
06037554301,2,0,0,2
06037554302,4,2,3,9
06037554401,0,1,1,2
06037554403,2,1,0,3
06037554404,4,2,0,6
06037554405,2,6,4,12
06037554406,3,1,0,4
06037554511,1,1,16,18
06037554512,5,7,9,21
06037554513,1,4,0,5
06037554514,2,4,0,6
06037554515,3,9,0,12
06037554517,2,2,0,4
06037554518,0,0,5,5
06037554519,2,0,0,2
06037554521,6,12,4,22
06037554522,3,18,1,22
06037554600,3,26,0,29
06037554700,3,3,3,9
06037554801,0,6,0,6
06037554802,5,17,6,28
06037554900,5,37,2,44
06037555001,4,0,0,4
06037555002,3,1,0,4
06037555102,0,1,0,1
06037555105,2,3,0,5
06037555106,7,7,3,17
06037555107,5,4,0,9
06037555202,0,1,1,2
06037555211,3,0,0,3
06037555212,4,7,2,13
06037555300,4,4,1,9
06037555304,0,1,0,1
06037570001,3,5,0,8
06037570002,1,1,0,2
06037570003,2,1,0,3
06037570100,1,1,6,8
06037570202,2,1,0,3
06037570203,6,2,0,8
06037570204,3,0,0,3
06037570303,4,0,0,4
06037570304,4,2,0,6
06037570306,3,1,0,4
06037570402,3,0,0,3
06037570403,2,0,0,2
06037570404,3,0,0,3
06037570502,6,5,2,13
06037570503,2,0,0,2
06037570504,0,1,0,1
06037570601,2,3,0,5
06037570602,6,2,0,8
06037570603,1,2,1,4
06037570604,0,1,0,1
06037570701,6,3,3,12
06037570703,3,1,0,4
06037570800,6,26,8,40
06037570901,4,1,0,5
06037570902,2,2,0,4
06037571000,2,1,0,3
06037571101,7,1,0,8
06037571102,6,4,1,11
06037571200,0,1,1,2
06037571201,3,9,1,13
06037571202,2,2,0,4
06037571300,1,5,1,7
06037571400,5,12,2,19
06037571502,5,2,0,7
06037571504,1,1,0,2
06037571505,1,1,0,2
06037571600,1,0,0,1
06037571701,2,2,2,6
06037571703,1,0,0,1
06037571704,1,0,0,1
06037571800,0,10,4,14
06037571900,5,19,12,36
06037572001,4,9,5,18
06037572002,0,0,2,2
06037572201,6,7,2,15
06037572202,2,3,0,5
06037572301,3,1,0,4
06037572600,5,2,1,8
06037572700,3,9,1,13
06037572800,0,0,1,1
06037573002,1,2,2,5
06037573003,1,0,0,1
06037573004,5,3,0,8
06037573100,0,0,3,3
06037573101,2,4,3,9
06037573102,2,0,0,2
06037573201,2,0,0,2
06037573202,2,1,0,3
06037573300,0,1,0,1
06037573401,6,2,0,8
06037573402,7,6,15,28
06037573403,3,6,1,10
06037573601,2,14,5,21
06037573700,1,2,3,6
06037573800,0,2,0,2
06037574000,3,3,0,6
06037574100,3,1,2,6
06037574201,1,2,3,6
06037574202,2,6,3,11
06037574300,5,5,0,10
06037574400,1,4,0,5
06037574500,6,4,3,13
06037574602,1,3,1,5
06037574800,2,6,3,11
06037574901,3,10,2,15
06037574902,5,8,1,14
06037575001,1,3,1,5
06037575002,3,5,0,8
06037575101,8,1,0,9
06037575102,0,4,1,5
06037575103,1,3,2,6
06037575201,3,3,0,6
06037575202,5,0,0,5
06037575300,5,0,0,5
06037575401,8,3,5,16
06037575402,4,1,6,11
06037575600,0,0,1,1
06037575801,1,0,0,1
06037575802,3,2,2,7
06037575803,1,0,0,1
06037575901,0,1,0,1
06037575902,5,22,4,31
06037576001,11,101,71,183
06037576200,10,43,28,81
06037576301,2,4,0,6
06037576302,1,2,0,3
06037576401,5,0,0,5
06037576402,2,0,0,2
06037576403,2,4,0,6
06037576501,2,5,4,11
06037576502,4,4,0,8
06037576503,4,4,2,10
06037576601,4,0,0,4
06037576602,1,8,2,11
06037576700,2,10,1,13
06037576801,3,17,5,25
06037576802,2,5,1,8
06037576901,1,3,2,6
06037576903,5,4,0,9
06037576904,1,3,0,4
06037577000,5,11,9,25
06037577100,9,8,5,22
06037577200,7,17,7,31
06037577300,1,15,5,21
06037577400,1,21,1,23
06037577501,1,17,9,27
06037577504,3,23,4,30
06037577602,0,6,1,7
06037577604,5,35,18,58
06037577605,0,4,0,4
06037577606,1,2,1,4
06037577700,1,0,0,1
06037577800,2,0,0,2
06037577900,3,5,2,10
06037578000,3,0,0,3
06037578100,1,3,2,6
06037599000,2,14,12,28
06037599100,5,40,23,68
06037600100,3,1,0,4
06037600201,4,0,0,4
06037600202,5,0,0,5
06037600302,3,0,0,3
06037600304,1,0,0,1
06037600400,1,0,0,1
06037600501,1,0,0,1
06037600601,2,0,0,2
06037600602,4,4,0,8
06037600702,3,8,9,20
06037600703,1,6,6,13
06037600704,1,1,1,3
06037600801,2,2,1,5
06037600802,1,0,0,1
06037600902,4,2,1,7
06037600911,0,3,4,7
06037600912,4,0,0,4
06037601001,7,14,6,27
06037601002,5,1,0,6
06037601100,6,1,0,7
06037601202,4,3,0,7
06037601211,2,0,1,3
06037601212,4,2,0,6
06037601301,2,2,1,5
06037601302,2,0,4,6
06037601303,4,2,0,6
06037601401,12,5,7,24
06037601402,5,3,2,10
06037601501,3,2,1,6
06037601502,2,1,0,3
06037601600,3,1,0,4
06037601700,3,0,0,3
06037601801,4,3,0,7
06037601802,4,1,0,5
06037601900,3,6,6,15
06037602002,2,1,0,3
06037602003,2,1,0,3
06037602101,1,0,0,1
06037602103,8,5,1,14
06037602104,8,2,2,12
06037602105,4,2,1,7
06037602106,3,1,0,4
06037602201,3,3,2,8
06037602202,2,1,1,4
06037602301,4,4,0,8
06037602302,6,6,5,17
06037602402,6,7,4,17
06037602403,5,4,0,9
06037602404,2,0,0,2
06037602501,0,1,0,1
06037602504,0,1,0,1
06037602505,0,0,1,1
06037602506,1,0,0,1
06037602507,1,1,0,2
06037602508,1,0,0,1
06037602509,0,0,4,4
06037602510,1,0,0,1
06037602511,2,0,0,2
06037602602,4,1,0,5
06037602700,3,2,0,5
06037602801,2,0,0,2
06037602802,4,0,0,4
06037602900,3,2,22,27
06037603004,2,0,0,2
06037603005,2,2,0,4
06037603006,5,41,2,48
06037603007,2,1,1,4
06037603008,1,0,0,1
06037603101,1,4,2,7
06037603102,7,2,0,9
06037603200,4,9,1,14
06037603301,4,7,5,16
06037603302,3,10,3,16
06037603400,4,14,1,19
06037603500,2,5,1,8
06037603600,2,1,2,5
06037603702,4,7,1,12
06037603703,5,1,0,6
06037603704,1,0,0,1
06037603705,1,0,0,1
06037603706,1,0,0,1
06037603801,4,3,2,9
06037603802,2,2,0,4
06037603900,1,1,5,7
06037603901,4,2,0,6
06037603902,5,4,0,9
06037604001,6,1,0,7
06037604002,3,1,0,4
06037604101,2,0,0,2
06037604102,4,3,0,7
06037604200,5,2,2,9
06037609900,3,0,0,3
06037620001,3,2,1,6
06037620002,3,5,6,14
06037620101,2,1,1,4
06037620102,3,28,10,41
06037620201,1,2,0,3
06037620301,1,2,2,5
06037620303,0,5,6,11
06037620305,1,30,13,44
06037620400,16,37,15,68
06037620501,4,9,3,16
06037620521,4,3,2,9
06037620522,2,4,0,6
06037620601,2,7,7,16
06037620602,3,0,1,4
06037620701,4,6,5,15
06037620801,1,3,0,4
06037620802,2,6,6,14
06037620901,3,6,2,11
06037620902,0,1,0,1
06037620904,4,19,2,25
06037621001,4,9,2,15
06037621002,0,1,1,2
06037621005,5,29,10,44
06037621102,2,2,2,6
06037621104,2,18,6,26
06037621201,9,8,4,21
06037621204,10,47,23,80
06037621301,7,10,3,20
06037621324,3,21,8,32
06037621326,6,37,18,61
06037621400,3,16,3,22
06037650001,3,1,0,4
06037650003,2,1,0,3
06037650004,1,0,0,1
06037650101,13,13,1,27
06037650102,0,1,0,1
06037650200,3,4,13,20
06037650300,7,9,6,22
06037650401,5,2,10,17
06037650501,2,2,1,5
06037650502,0,0,1,1
06037650604,6,7,2,15
06037650606,5,8,0,13
06037650607,1,1,0,2
06037650701,8,40,8,56
06037650702,1,1,0,2
06037650801,0,1,2,3
06037650901,11,39,35,85
06037650903,1,2,0,3
06037650904,3,0,0,3
06037651001,2,3,2,7
06037651002,4,6,3,13
06037651101,17,31,14,62
06037651102,6,2,0,8
06037651201,1,2,2,5
06037651221,7,8,5,20
06037651222,4,8,0,12
06037651302,4,3,0,7
06037651304,1,5,1,7
06037651401,1,0,0,1
06037651402,5,10,2,17
06037670001,1,7,3,11
06037670002,3,8,3,14
06037670003,5,28,5,38
06037670100,1,0,2,3
06037670101,2,2,0,4
06037670102,3,4,0,7
06037670201,1,0,3,4
06037670324,1,3,2,6
06037670328,0,3,1,4
06037670403,0,2,0,2
06037670405,0,0,2,2
06037670413,2,0,0,2
06037670416,2,2,1,5
06037670417,6,17,5,28
06037670418,1,0,0,1
06037670602,0,1,2,3
06037670604,4,9,9,22
06037670701,5,10,0,15
06037670702,0,0,1,1
06037700101,6,14,7,27
06037700102,8,16,5,29
06037700200,4,27,11,42
06037700300,6,51,40,97
06037700400,7,69,46,122
06037700501,6,60,46,112
06037700502,3,39,17,59
06037700700,3,9,13,25
06037700800,0,1,0,1
06037700801,11,88,43,142
06037700802,5,13,11,29
06037700901,2,5,6,13
06037700902,3,17,6,26
06037701000,0,15,14,29
06037701201,1,5,1,7
06037701202,2,5,0,7
06037701302,3,4,1,8
06037701304,1,9,1,11
06037701402,1,13,7,21
06037701501,3,6,2,11
06037701502,2,11,3,16
06037701601,3,5,1,9
06037701602,8,14,12,34
06037701701,1,7,7,15
06037701702,6,4,2,12
06037701801,1,3,1,5
06037701802,4,5,9,18
06037701902,11,143,78,232
06037702002,6,18,14,38
06037702102,3,31,18,52
06037702201,3,3,4,10
06037702202,0,4,1,5
06037702220,1,0,0,1
06037702300,6,17,7,30
06037702400,6,31,22,59
06037702501,2,7,3,12
06037702502,1,0,0,1
06037702600,7,6,4,17
06037702700,2,8,2,12
06037702801,6,22,8,36
06037702802,5,0,3,8
06037702803,9,22,9,40
06037702900,6,34,34,74
06037702901,0,0,9,9
06037703001,0,1,0,1
06037703002,1,1,0,2
06037703003,6,12,8,26
06037703100,3,4,1,8
06037703200,4,0,0,4
06037800101,1,1,2,4
06037800103,2,4,0,6
06037800104,3,1,2,6
06037800202,0,1,0,1
06037800203,0,0,1,1
06037800204,4,23,8,35
06037800205,1,0,1,2
06037800206,3,0,2,5
06037800324,8,18,4,30
06037800325,2,10,11,23
06037800326,0,0,3,3
06037800328,2,1,0,3
06037800329,0,1,3,4
06037800330,0,0,1,1
06037800331,1,1,1,3
06037800333,2,3,1,6
06037800334,2,0,2,4
06037800335,2,10,15,27
06037800336,5,15,10,30
06037800337,6,7,7,20
06037800338,5,13,9,27
06037800406,1,0,2,3
06037800408,0,0,1,1
06037800410,0,0,1,1
06037800411,6,5,6,17
06037800412,1,6,4,11
06037800504,11,30,19,60
06037800506,2,5,1,8
06037800510,2,0,0,2
06037900102,0,0,1,1
06037900103,1,1,0,2
06037900104,6,1,0,7
06037900501,7,1,0,8
06037900504,6,6,8,20
06037900505,2,0,0,2
06037900506,1,1,0,2
06037900508,0,0,1,1
06037900509,1,0,0,1
06037900602,1,2,4,7
06037900606,3,0,0,3
06037900607,2,1,4,7
06037900608,1,0,0,1
06037900609,1,0,1,2
06037900610,1,1,0,2
06037900701,4,8,4,16
06037900703,4,7,6,17
06037900704,7,15,9,31
06037900705,7,9,1,17
06037900804,4,2,2,8
06037900805,7,6,2,15
06037900806,3,22,12,37
06037900807,1,0,0,1
06037900808,2,2,0,4
06037900900,0,1,1,2
06037900901,4,3,1,8
06037900902,0,2,0,2
06037901007,3,0,2,5
06037901008,6,12,7,25
06037901009,5,4,0,9
06037901010,4,3,2,9
06037901011,3,7,0,10
06037901101,3,3,2,8
06037901102,3,0,0,3
06037901209,2,1,0,3
06037901210,0,1,0,1
06037901217,2,1,0,3
06037901300,1,0,0,1
06037910002,2,0,0,2
06037910201,0,1,6,7
06037910210,1,1,0,2
06037910212,1,0,1,2
06037910213,1,0,0,1
06037910214,0,1,0,1
06037910215,3,26,3,32
06037910216,1,2,0,3
06037910217,3,3,0,6
06037910218,17,29,5,51
06037910301,3,2,0,5
06037910401,3,4,2,9
06037910405,6,2,0,8
06037910501,4,3,1,8
06037910502,4,1,0,5
06037910504,1,0,0,1
06037910601,5,4,0,9
06037910602,6,11,1,18
06037910608,2,5,1,8
06037910706,4,1,0,5
06037910707,1,0,0,1
06037910709,1,0,0,1
06037910713,2,0,0,2
06037910714,3,0,0,3
06037910715,2,0,0,2
06037910720,0,1,0,1
06037910721,3,1,0,4
06037910807,3,2,0,5
06037910808,1,1,2,4
06037910809,3,5,3,11
06037910810,0,1,0,1
06037910813,0,0,3,3
06037910814,1,4,0,5
06037910815,3,3,2,8
06037911001,5,1,3,9
06037911100,4,4,4,12
06037920013,4,15,1,20
06037920016,2,2,0,4
06037920017,4,5,0,9
06037920018,0,1,0,1
06037920020,4,1,0,5
06037920030,1,0,0,1
06037920031,7,5,0,12
06037920035,10,16,4,30
06037920038,3,5,3,11
06037920040,2,0,0,2
06037920041,1,1,0,2
06037920042,9,3,0,12
06037920043,4,5,0,9
06037920044,2,2,1,5
06037920046,4,5,0,9
06037920048,13,9,2,24
06037920049,3,5,0,8
06037920050,1,1,0,2
06037920102,10,8,1,19
06037920104,1,1,0,2
06037920106,3,3,9,15
06037920107,1,0,9,10
06037920110,0,2,1,3
06037920111,1,4,0,5
06037920112,4,3,0,7
06037920114,2,8,0,10
06037920115,6,22,1,29
06037920116,1,0,0,1
06037920118,1,1,0,2
06037920121,8,18,22,48
06037920312,2,5,4,11
06037920313,9,12,1,22
06037920314,4,8,9,21
06037920322,4,1,0,5
06037920326,13,20,3,36
06037920328,0,8,7,15
06037920329,3,27,5,35
06037920332,1,0,0,1
06037920334,1,3,1,5
06037920336,0,1,5,6
06037920337,1,0,0,1
06037920339,12,14,3,29
06037920340,1,3,1,5
06037920341,5,23,22,50
06037920342,2,1,0,3
06037920343,3,1,0,4
06037930301,0,1,0,1
06037930400,0,10,6,16
06037930401,0,0,1,1
06037980000,0,1,0,1
06037980001,3,7,2,12
06037980002,6,0,7,13
06037980006,2,9,2,13
06037980007,3,4,3,10
06037980008,5,3,18,26
06037980009,0,4,2,6
06037980010,0,0,2,2
06037980011,4,5,0,9
06037980013,5,48,15,68
06037980014,0,2,0,2
06037980015,0,1,0,1
06037980016,8,5,26,39
06037980018,1,7,8,16
06037980021,0,1,0,1
06037980022,0,2,1,3
06037980023,1,0,0,1
06037980024,0,3,2,5
06037980025,1,1,16,18
06037980028,6,76,46,128
06037980030,1,2,1,4
06037980031,1,4,29,34
06037980033,3,11,29,43
06037980034,8,4,18,30
06037980035,28,65,36,129
06037980036,1,2,0,3
06037980037,0,1,0,1
06037980038,1,0,0,1
06037980039,1,21,8,30
06037980046,0,1,0,1
06037990100,1,0,1,2
